"","mu_d","sigma","tau_nd","theta","chisq","conv","k","l"
"1",0.692266334929368,0.227746511140539,0.308340537365497,0.18,2511.49894636939,0,0.005,0.1
"2",0.765662383833634,0.221409240452011,0.301805907282913,0.18,2054.86609355275,0,0.005,0.25
"3",0.752587135297959,0.22343382653672,0.344685243709766,0.119144528678378,1662.75930428958,0,0.005,0.4
"4",0.652313324291728,0.207813824913952,0.203179582101143,0.179442471320078,4591.65909180294,0,0.015,0.1
"5",0.663216775776793,0.217354507395161,0.302097105023792,0.162404253312046,1397.39740733752,0,0.015,0.25
"6",0.727052088218229,0.213870456530577,0.324155283822965,0.146192127325807,1601.27686527882,0,0.015,0.4
"7",0.722912779854829,0.22600456390821,0.308960685128282,0.18,2801.05323856144,0,0.03,0.1
"8",0.690912610896846,0.223316732334007,0.342062202666,0.156892146252175,1838.76314245675,0,0.03,0.25
"9",0.739262459178085,0.2,0.326127297088559,0.136356026895617,1641.17023389504,0,0.03,0.4
