"","mu_d","sigma","tau_nd","theta","chisq","conv","k","l"
"1",0.707151166704691,0.235352854216548,0.303550900657191,0.16655678263559,3614.56306532384,0,0.005,0.1
"2",0.710223400941115,0.231927379358956,0.313806587243635,0.156041253594689,2169.37334184533,0,0.005,0.25
"3",0.689772480936938,0.222270923383816,0.343552239948602,0.122727900982349,1898.15976459928,0,0.005,0.4
"4",0.72,0.24,0.3,0.14,5729.94613140764,0,0.015,0.1
"5",0.70788198309637,0.228817821990536,0.321056755462631,0.157340589834255,2166.43313034245,0,0.015,0.25
"6",0.77256577528814,0.22505699576569,0.349142987684719,0.134057113754982,2212.26403820204,0,0.015,0.4
"7",0.709858506855962,0.228601125315635,0.29635054137382,0.18,3277.59479367954,0,0.03,0.1
"8",0.737751751573266,0.231122390306731,0.322181343481593,0.148871551876766,2753.41563385155,0,0.03,0.25
"9",0.681006986024333,0.217718277816704,0.355704305691206,0.162281721135085,2196.36374606611,0,0.03,0.4